{
  "count": 10,
  "value": [
    {
      "id": 929,
      "rev": 2,
      "fields": {
        "System.AreaPath": "Azure Governance",
        "System.TeamProject": "Azure Governance",
        "System.IterationPath": "$ProjectName$\\Iteration 1",
        "System.WorkItemType": "User Story",
        "System.State": "New",
        "System.Reason": "New",
        "System.CreatedDate": "2020-04-28T03:38:31.813Z",
        "System.CreatedBy": "Ricardo Martins <ricmart@microsoft.com>",
        "System.ChangedDate": "2020-04-28T03:47:42.987Z",
        "System.ChangedBy": "Ricardo Martins <ricmart@microsoft.com>",
        "System.Title": "Azure Cost Management",
        "Microsoft.VSTS.Scheduling.Effort": 0.0,
        "System.Description": "Azure Governance | Azure Cost Management",
        "System.AssignedTo": null,
        "Microsoft.VSTS.Scheduling.RemainingWork": 0.0,
        "Microsoft.VSTS.Common.Priority": 2.0,
        "System.BoardLane": null,
        "System.Tags": null,
        "Microsoft.VSTS.TCM.Steps": null,
        "Microsoft.VSTS.TCM.Parameters": null,
        "Microsoft.VSTS.TCM.LocalDataSource": null,
        "Microsoft.VSTS.TCM.AutomationStatus": null,
        "System.History": null
      },
      "relations": [
        {
          "rel": "System.LinkTypes.Hierarchy-Forward",
          "url": "https://dev.azure.com/ricmart/_apis/wit/workItems/875",
          "attributes": {
            "isLocked": "false",
            "comment": "Making a new link for the dependency",
            "name": "Child"
          }
        },
        {
          "rel": "System.LinkTypes.Hierarchy-Forward",
          "url": "https://dev.azure.com/ricmart/_apis/wit/workItems/872",
          "attributes": {
            "isLocked": "false",
            "comment": "Making a new link for the dependency",
            "name": "Child"
          }
        },
        {
          "rel": "System.LinkTypes.Hierarchy-Forward",
          "url": "https://dev.azure.com/ricmart/_apis/wit/workItems/871",
          "attributes": {
            "isLocked": "false",
            "comment": "Making a new link for the dependency",
            "name": "Child"
          }
        },
        {
          "rel": "System.LinkTypes.Hierarchy-Forward",
          "url": "https://dev.azure.com/ricmart/_apis/wit/workItems/877",
          "attributes": {
            "isLocked": "false",
            "comment": "Making a new link for the dependency",
            "name": "Child"
          }
        },
        {
          "rel": "System.LinkTypes.Hierarchy-Forward",
          "url": "https://dev.azure.com/ricmart/_apis/wit/workItems/874",
          "attributes": {
            "isLocked": "false",
            "comment": "Making a new link for the dependency",
            "name": "Child"
          }
        },
        {
          "rel": "System.LinkTypes.Hierarchy-Forward",
          "url": "https://dev.azure.com/ricmart/_apis/wit/workItems/873",
          "attributes": {
            "isLocked": "false",
            "comment": "Making a new link for the dependency",
            "name": "Child"
          }
        },
        {
          "rel": "System.LinkTypes.Hierarchy-Forward",
          "url": "https://dev.azure.com/ricmart/_apis/wit/workItems/876",
          "attributes": {
            "isLocked": "false",
            "comment": "Making a new link for the dependency",
            "name": "Child"
          }
        },
        {
          "rel": "System.LinkTypes.Hierarchy-Forward",
          "url": "https://dev.azure.com/ricmart/_apis/wit/workItems/878",
          "attributes": {
            "isLocked": "false",
            "comment": "Making a new link for the dependency",
            "name": "Child"
          }
        },
        {
          "rel": "System.LinkTypes.Hierarchy-Reverse",
          "url": "https://dev.azure.com/ricmart/_apis/wit/workItems/793",
          "attributes": {
            "isLocked": "false",
            "name": "Parent"
          }
        }
      ],
      "url": "https://dev.azure.com/ricmart/_apis/wit/workItems/929"
    },
    {
      "id": 928,
      "rev": 2,
      "fields": {
        "System.AreaPath": "Azure Governance",
        "System.TeamProject": "Azure Governance",
        "System.IterationPath": "$ProjectName$\\Iteration 1",
        "System.WorkItemType": "User Story",
        "System.State": "New",
        "System.Reason": "New",
        "System.CreatedDate": "2020-04-28T03:38:31.56Z",
        "System.CreatedBy": "Ricardo Martins <ricmart@microsoft.com>",
        "System.ChangedDate": "2020-04-28T03:47:34.82Z",
        "System.ChangedBy": "Ricardo Martins <ricmart@microsoft.com>",
        "System.Title": "Azure Advisor",
        "Microsoft.VSTS.Scheduling.Effort": 0.0,
        "System.Description": "Azure Governance | Azure Advisor",
        "System.AssignedTo": null,
        "Microsoft.VSTS.Scheduling.RemainingWork": 0.0,
        "Microsoft.VSTS.Common.Priority": 2.0,
        "System.BoardLane": null,
        "System.Tags": null,
        "Microsoft.VSTS.TCM.Steps": null,
        "Microsoft.VSTS.TCM.Parameters": null,
        "Microsoft.VSTS.TCM.LocalDataSource": null,
        "Microsoft.VSTS.TCM.AutomationStatus": null,
        "System.History": null
      },
      "relations": [
        {
          "rel": "System.LinkTypes.Hierarchy-Reverse",
          "url": "https://dev.azure.com/ricmart/_apis/wit/workItems/793",
          "attributes": {
            "isLocked": "false",
            "name": "Parent"
          }
        },
        {
          "rel": "System.LinkTypes.Hierarchy-Forward",
          "url": "https://dev.azure.com/ricmart/_apis/wit/workItems/882",
          "attributes": {
            "isLocked": "false",
            "comment": "Making a new link for the dependency",
            "name": "Child"
          }
        },
        {
          "rel": "System.LinkTypes.Hierarchy-Forward",
          "url": "https://dev.azure.com/ricmart/_apis/wit/workItems/880",
          "attributes": {
            "isLocked": "false",
            "comment": "Making a new link for the dependency",
            "name": "Child"
          }
        },
        {
          "rel": "System.LinkTypes.Hierarchy-Forward",
          "url": "https://dev.azure.com/ricmart/_apis/wit/workItems/879",
          "attributes": {
            "isLocked": "false",
            "comment": "Making a new link for the dependency",
            "name": "Child"
          }
        },
        {
          "rel": "System.LinkTypes.Hierarchy-Forward",
          "url": "https://dev.azure.com/ricmart/_apis/wit/workItems/881",
          "attributes": {
            "isLocked": "false",
            "comment": "Making a new link for the dependency",
            "name": "Child"
          }
        }
      ],
      "url": "https://dev.azure.com/ricmart/_apis/wit/workItems/928"
    },
    {
      "id": 927,
      "rev": 2,
      "fields": {
        "System.AreaPath": "Azure Governance",
        "System.TeamProject": "Azure Governance",
        "System.IterationPath": "$ProjectName$\\Iteration 1",
        "System.WorkItemType": "User Story",
        "System.State": "New",
        "System.Reason": "New",
        "System.CreatedDate": "2020-04-28T03:38:31.273Z",
        "System.CreatedBy": "Ricardo Martins <ricmart@microsoft.com>",
        "System.ChangedDate": "2020-04-28T03:47:28.47Z",
        "System.ChangedBy": "Ricardo Martins <ricmart@microsoft.com>",
        "System.Title": "Azure Service Health",
        "Microsoft.VSTS.Scheduling.Effort": 0.0,
        "System.Description": "Azure Governance | Azure Service Health",
        "System.AssignedTo": null,
        "Microsoft.VSTS.Scheduling.RemainingWork": 0.0,
        "Microsoft.VSTS.Common.Priority": 2.0,
        "System.BoardLane": null,
        "System.Tags": null,
        "Microsoft.VSTS.TCM.Steps": null,
        "Microsoft.VSTS.TCM.Parameters": null,
        "Microsoft.VSTS.TCM.LocalDataSource": null,
        "Microsoft.VSTS.TCM.AutomationStatus": null,
        "System.History": null
      },
      "relations": [
        {
          "rel": "System.LinkTypes.Hierarchy-Forward",
          "url": "https://dev.azure.com/ricmart/_apis/wit/workItems/885",
          "attributes": {
            "isLocked": "false",
            "comment": "Making a new link for the dependency",
            "name": "Child"
          }
        },
        {
          "rel": "System.LinkTypes.Hierarchy-Forward",
          "url": "https://dev.azure.com/ricmart/_apis/wit/workItems/884",
          "attributes": {
            "isLocked": "false",
            "comment": "Making a new link for the dependency",
            "name": "Child"
          }
        },
        {
          "rel": "System.LinkTypes.Hierarchy-Forward",
          "url": "https://dev.azure.com/ricmart/_apis/wit/workItems/883",
          "attributes": {
            "isLocked": "false",
            "comment": "Making a new link for the dependency",
            "name": "Child"
          }
        },
        {
          "rel": "System.LinkTypes.Hierarchy-Reverse",
          "url": "https://dev.azure.com/ricmart/_apis/wit/workItems/793",
          "attributes": {
            "isLocked": "false",
            "name": "Parent"
          }
        }
      ],
      "url": "https://dev.azure.com/ricmart/_apis/wit/workItems/927"
    },
    {
      "id": 926,
      "rev": 2,
      "fields": {
        "System.AreaPath": "Azure Governance",
        "System.TeamProject": "Azure Governance",
        "System.IterationPath": "$ProjectName$\\Iteration 1",
        "System.WorkItemType": "User Story",
        "System.State": "New",
        "System.Reason": "New",
        "System.CreatedDate": "2020-04-28T03:38:31.003Z",
        "System.CreatedBy": "Ricardo Martins <ricmart@microsoft.com>",
        "System.ChangedDate": "2020-04-28T03:47:21.49Z",
        "System.ChangedBy": "Ricardo Martins <ricmart@microsoft.com>",
        "System.Title": "Azure Blueprints",
        "Microsoft.VSTS.Scheduling.Effort": 0.0,
        "System.Description": "Azure Governance | Azure Blueprints",
        "System.AssignedTo": null,
        "Microsoft.VSTS.Scheduling.RemainingWork": 0.0,
        "Microsoft.VSTS.Common.Priority": 2.0,
        "System.BoardLane": null,
        "System.Tags": null,
        "Microsoft.VSTS.TCM.Steps": null,
        "Microsoft.VSTS.TCM.Parameters": null,
        "Microsoft.VSTS.TCM.LocalDataSource": null,
        "Microsoft.VSTS.TCM.AutomationStatus": null,
        "System.History": null
      },
      "relations": [
        {
          "rel": "System.LinkTypes.Hierarchy-Forward",
          "url": "https://dev.azure.com/ricmart/_apis/wit/workItems/886",
          "attributes": {
            "isLocked": "false",
            "comment": "Making a new link for the dependency",
            "name": "Child"
          }
        },
        {
          "rel": "System.LinkTypes.Hierarchy-Forward",
          "url": "https://dev.azure.com/ricmart/_apis/wit/workItems/889",
          "attributes": {
            "isLocked": "false",
            "comment": "Making a new link for the dependency",
            "name": "Child"
          }
        },
        {
          "rel": "System.LinkTypes.Hierarchy-Reverse",
          "url": "https://dev.azure.com/ricmart/_apis/wit/workItems/793",
          "attributes": {
            "isLocked": "false",
            "name": "Parent"
          }
        },
        {
          "rel": "System.LinkTypes.Hierarchy-Forward",
          "url": "https://dev.azure.com/ricmart/_apis/wit/workItems/887",
          "attributes": {
            "isLocked": "false",
            "comment": "Making a new link for the dependency",
            "name": "Child"
          }
        },
        {
          "rel": "System.LinkTypes.Hierarchy-Forward",
          "url": "https://dev.azure.com/ricmart/_apis/wit/workItems/888",
          "attributes": {
            "isLocked": "false",
            "comment": "Making a new link for the dependency",
            "name": "Child"
          }
        }
      ],
      "url": "https://dev.azure.com/ricmart/_apis/wit/workItems/926"
    },
    {
      "id": 925,
      "rev": 2,
      "fields": {
        "System.AreaPath": "Azure Governance",
        "System.TeamProject": "Azure Governance",
        "System.IterationPath": "$ProjectName$\\Iteration 1",
        "System.WorkItemType": "User Story",
        "System.State": "New",
        "System.Reason": "New",
        "System.CreatedDate": "2020-04-28T03:38:30.747Z",
        "System.CreatedBy": "Ricardo Martins <ricmart@microsoft.com>",
        "System.ChangedDate": "2020-04-28T03:47:14.723Z",
        "System.ChangedBy": "Ricardo Martins <ricmart@microsoft.com>",
        "System.Title": "Resource Locks",
        "Microsoft.VSTS.Scheduling.Effort": 0.0,
        "System.Description": "Azure Governance | Resource Locks",
        "System.AssignedTo": null,
        "Microsoft.VSTS.Scheduling.RemainingWork": 0.0,
        "Microsoft.VSTS.Common.Priority": 2.0,
        "System.BoardLane": null,
        "System.Tags": null,
        "Microsoft.VSTS.TCM.Steps": null,
        "Microsoft.VSTS.TCM.Parameters": null,
        "Microsoft.VSTS.TCM.LocalDataSource": null,
        "Microsoft.VSTS.TCM.AutomationStatus": null,
        "System.History": null
      },
      "relations": [
        {
          "rel": "System.LinkTypes.Hierarchy-Forward",
          "url": "https://dev.azure.com/ricmart/_apis/wit/workItems/891",
          "attributes": {
            "isLocked": "false",
            "comment": "Making a new link for the dependency",
            "name": "Child"
          }
        },
        {
          "rel": "System.LinkTypes.Hierarchy-Reverse",
          "url": "https://dev.azure.com/ricmart/_apis/wit/workItems/793",
          "attributes": {
            "isLocked": "false",
            "name": "Parent"
          }
        },
        {
          "rel": "System.LinkTypes.Hierarchy-Forward",
          "url": "https://dev.azure.com/ricmart/_apis/wit/workItems/892",
          "attributes": {
            "isLocked": "false",
            "comment": "Making a new link for the dependency",
            "name": "Child"
          }
        },
        {
          "rel": "System.LinkTypes.Hierarchy-Forward",
          "url": "https://dev.azure.com/ricmart/_apis/wit/workItems/890",
          "attributes": {
            "isLocked": "false",
            "comment": "Making a new link for the dependency",
            "name": "Child"
          }
        }
      ],
      "url": "https://dev.azure.com/ricmart/_apis/wit/workItems/925"
    },
    {
      "id": 924,
      "rev": 2,
      "fields": {
        "System.AreaPath": "Azure Governance",
        "System.TeamProject": "Azure Governance",
        "System.IterationPath": "$ProjectName$\\Iteration 1",
        "System.WorkItemType": "User Story",
        "System.State": "New",
        "System.Reason": "New",
        "System.CreatedDate": "2020-04-28T03:38:29.97Z",
        "System.CreatedBy": "Ricardo Martins <ricmart@microsoft.com>",
        "System.ChangedDate": "2020-04-28T03:47:06.843Z",
        "System.ChangedBy": "Ricardo Martins <ricmart@microsoft.com>",
        "System.Title": "Azure Policy",
        "Microsoft.VSTS.Scheduling.Effort": 0.0,
        "System.Description": "Azure Governance | Azure Policy",
        "System.AssignedTo": null,
        "Microsoft.VSTS.Scheduling.RemainingWork": 0.0,
        "Microsoft.VSTS.Common.Priority": 2.0,
        "System.BoardLane": null,
        "System.Tags": null,
        "Microsoft.VSTS.TCM.Steps": null,
        "Microsoft.VSTS.TCM.Parameters": null,
        "Microsoft.VSTS.TCM.LocalDataSource": null,
        "Microsoft.VSTS.TCM.AutomationStatus": null,
        "System.History": null
      },
      "relations": [
        {
          "rel": "System.LinkTypes.Hierarchy-Forward",
          "url": "https://dev.azure.com/ricmart/_apis/wit/workItems/893",
          "attributes": {
            "isLocked": "false",
            "comment": "Making a new link for the dependency",
            "name": "Child"
          }
        },
        {
          "rel": "System.LinkTypes.Hierarchy-Reverse",
          "url": "https://dev.azure.com/ricmart/_apis/wit/workItems/793",
          "attributes": {
            "isLocked": "false",
            "name": "Parent"
          }
        },
        {
          "rel": "System.LinkTypes.Hierarchy-Forward",
          "url": "https://dev.azure.com/ricmart/_apis/wit/workItems/895",
          "attributes": {
            "isLocked": "false",
            "comment": "Making a new link for the dependency",
            "name": "Child"
          }
        },
        {
          "rel": "System.LinkTypes.Hierarchy-Forward",
          "url": "https://dev.azure.com/ricmart/_apis/wit/workItems/897",
          "attributes": {
            "isLocked": "false",
            "comment": "Making a new link for the dependency",
            "name": "Child"
          }
        },
        {
          "rel": "System.LinkTypes.Hierarchy-Forward",
          "url": "https://dev.azure.com/ricmart/_apis/wit/workItems/898",
          "attributes": {
            "isLocked": "false",
            "comment": "Making a new link for the dependency",
            "name": "Child"
          }
        },
        {
          "rel": "System.LinkTypes.Hierarchy-Forward",
          "url": "https://dev.azure.com/ricmart/_apis/wit/workItems/896",
          "attributes": {
            "isLocked": "false",
            "comment": "Making a new link for the dependency",
            "name": "Child"
          }
        },
        {
          "rel": "System.LinkTypes.Hierarchy-Forward",
          "url": "https://dev.azure.com/ricmart/_apis/wit/workItems/894",
          "attributes": {
            "isLocked": "false",
            "comment": "Making a new link for the dependency",
            "name": "Child"
          }
        }
      ],
      "url": "https://dev.azure.com/ricmart/_apis/wit/workItems/924"
    },
    {
      "id": 923,
      "rev": 2,
      "fields": {
        "System.AreaPath": "Azure Governance",
        "System.TeamProject": "Azure Governance",
        "System.IterationPath": "$ProjectName$\\Iteration 1",
        "System.WorkItemType": "User Story",
        "System.State": "New",
        "System.Reason": "New",
        "System.CreatedDate": "2020-04-28T03:38:29.713Z",
        "System.CreatedBy": "Ricardo Martins <ricmart@microsoft.com>",
        "System.ChangedDate": "2020-04-28T03:47:01.727Z",
        "System.ChangedBy": "Ricardo Martins <ricmart@microsoft.com>",
        "System.Title": "Role Based Access Control",
        "Microsoft.VSTS.Scheduling.Effort": 0.0,
        "System.Description": "Azure Governance | RBAC",
        "System.AssignedTo": null,
        "Microsoft.VSTS.Scheduling.RemainingWork": 0.0,
        "Microsoft.VSTS.Common.Priority": 2.0,
        "System.BoardLane": null,
        "System.Tags": null,
        "Microsoft.VSTS.TCM.Steps": null,
        "Microsoft.VSTS.TCM.Parameters": null,
        "Microsoft.VSTS.TCM.LocalDataSource": null,
        "Microsoft.VSTS.TCM.AutomationStatus": null,
        "System.History": null
      },
      "relations": [
        {
          "rel": "System.LinkTypes.Hierarchy-Forward",
          "url": "https://dev.azure.com/ricmart/_apis/wit/workItems/899",
          "attributes": {
            "isLocked": "false",
            "comment": "Making a new link for the dependency",
            "name": "Child"
          }
        },
        {
          "rel": "System.LinkTypes.Hierarchy-Forward",
          "url": "https://dev.azure.com/ricmart/_apis/wit/workItems/900",
          "attributes": {
            "isLocked": "false",
            "comment": "Making a new link for the dependency",
            "name": "Child"
          }
        },
        {
          "rel": "System.LinkTypes.Hierarchy-Forward",
          "url": "https://dev.azure.com/ricmart/_apis/wit/workItems/902",
          "attributes": {
            "isLocked": "false",
            "comment": "Making a new link for the dependency",
            "name": "Child"
          }
        },
        {
          "rel": "System.LinkTypes.Hierarchy-Forward",
          "url": "https://dev.azure.com/ricmart/_apis/wit/workItems/901",
          "attributes": {
            "isLocked": "false",
            "comment": "Making a new link for the dependency",
            "name": "Child"
          }
        },
        {
          "rel": "System.LinkTypes.Hierarchy-Reverse",
          "url": "https://dev.azure.com/ricmart/_apis/wit/workItems/793",
          "attributes": {
            "isLocked": "false",
            "name": "Parent"
          }
        },
        {
          "rel": "System.LinkTypes.Hierarchy-Forward",
          "url": "https://dev.azure.com/ricmart/_apis/wit/workItems/903",
          "attributes": {
            "isLocked": "false",
            "comment": "Making a new link for the dependency",
            "name": "Child"
          }
        }
      ],
      "url": "https://dev.azure.com/ricmart/_apis/wit/workItems/923"
    },
    {
      "id": 922,
      "rev": 2,
      "fields": {
        "System.AreaPath": "Azure Governance",
        "System.TeamProject": "Azure Governance",
        "System.IterationPath": "Azure Governance",
        "System.WorkItemType": "User Story",
        "System.State": "New",
        "System.Reason": "New",
        "System.CreatedDate": "2020-04-28T03:38:29.453Z",
        "System.CreatedBy": "Ricardo Martins <ricmart@microsoft.com>",
        "System.ChangedDate": "2020-04-28T03:46:36.617Z",
        "System.ChangedBy": "Ricardo Martins <ricmart@microsoft.com>",
        "System.Title": "Resources Organization",
        "Microsoft.VSTS.Scheduling.Effort": 0.0,
        "System.Description": "Azure Governance | Resources Organization",
        "System.AssignedTo": null,
        "Microsoft.VSTS.Scheduling.RemainingWork": 0.0,
        "Microsoft.VSTS.Common.Priority": 2.0,
        "System.BoardLane": null,
        "System.Tags": null,
        "Microsoft.VSTS.TCM.Steps": null,
        "Microsoft.VSTS.TCM.Parameters": null,
        "Microsoft.VSTS.TCM.LocalDataSource": null,
        "Microsoft.VSTS.TCM.AutomationStatus": null,
        "System.History": null
      },
      "relations": [
        {
          "rel": "System.LinkTypes.Hierarchy-Forward",
          "url": "https://dev.azure.com/ricmart/_apis/wit/workItems/904",
          "attributes": {
            "isLocked": "false",
            "comment": "Making a new link for the dependency",
            "name": "Child"
          }
        },
        {
          "rel": "System.LinkTypes.Hierarchy-Forward",
          "url": "https://dev.azure.com/ricmart/_apis/wit/workItems/906",
          "attributes": {
            "isLocked": "false",
            "comment": "Making a new link for the dependency",
            "name": "Child"
          }
        },
        {
          "rel": "System.LinkTypes.Hierarchy-Forward",
          "url": "https://dev.azure.com/ricmart/_apis/wit/workItems/907",
          "attributes": {
            "isLocked": "false",
            "comment": "Making a new link for the dependency",
            "name": "Child"
          }
        },
        {
          "rel": "System.LinkTypes.Hierarchy-Forward",
          "url": "https://dev.azure.com/ricmart/_apis/wit/workItems/908",
          "attributes": {
            "isLocked": "false",
            "comment": "Making a new link for the dependency",
            "name": "Child"
          }
        },
        {
          "rel": "System.LinkTypes.Hierarchy-Reverse",
          "url": "https://dev.azure.com/ricmart/_apis/wit/workItems/793",
          "attributes": {
            "isLocked": "false",
            "comment": "Making a new link for the dependency",
            "name": "Parent"
          }
        },
        {
          "rel": "System.LinkTypes.Hierarchy-Forward",
          "url": "https://dev.azure.com/ricmart/_apis/wit/workItems/905",
          "attributes": {
            "isLocked": "false",
            "comment": "Making a new link for the dependency",
            "name": "Child"
          }
        }
      ],
      "url": "https://dev.azure.com/ricmart/_apis/wit/workItems/922"
    },
    {
      "id": 921,
      "rev": 1,
      "fields": {
        "System.AreaPath": "Azure Governance",
        "System.TeamProject": "Azure Governance",
        "System.IterationPath": "$ProjectName$\\Iteration 1",
        "System.WorkItemType": "User Story",
        "System.State": "New",
        "System.Reason": "New",
        "System.CreatedDate": "2020-04-28T03:38:29.19Z",
        "System.CreatedBy": "Ricardo Martins <ricmart@microsoft.com>",
        "System.ChangedDate": "2020-04-28T03:38:29.19Z",
        "System.ChangedBy": "Ricardo Martins <ricmart@microsoft.com>",
        "System.Title": "Azure Active Directory Basics",
        "Microsoft.VSTS.Scheduling.Effort": 0.0,
        "System.Description": "Azure Active Directory Basics",
        "System.AssignedTo": null,
        "Microsoft.VSTS.Scheduling.RemainingWork": 0.0,
        "Microsoft.VSTS.Common.Priority": 2.0,
        "System.BoardLane": null,
        "System.Tags": null,
        "Microsoft.VSTS.TCM.Steps": null,
        "Microsoft.VSTS.TCM.Parameters": null,
        "Microsoft.VSTS.TCM.LocalDataSource": null,
        "Microsoft.VSTS.TCM.AutomationStatus": null,
        "System.History": null
      },
      "relations": [
        {
          "rel": "System.LinkTypes.Hierarchy-Forward",
          "url": "https://dev.azure.com/ricmart/_apis/wit/workItems/912",
          "attributes": {
            "isLocked": "false",
            "comment": "Making a new link for the dependency",
            "name": "Child"
          }
        },
        {
          "rel": "System.LinkTypes.Hierarchy-Forward",
          "url": "https://dev.azure.com/ricmart/_apis/wit/workItems/914",
          "attributes": {
            "isLocked": "false",
            "comment": "Making a new link for the dependency",
            "name": "Child"
          }
        },
        {
          "rel": "System.LinkTypes.Hierarchy-Forward",
          "url": "https://dev.azure.com/ricmart/_apis/wit/workItems/913",
          "attributes": {
            "isLocked": "false",
            "comment": "Making a new link for the dependency",
            "name": "Child"
          }
        },
        {
          "rel": "System.LinkTypes.Hierarchy-Reverse",
          "url": "https://dev.azure.com/ricmart/_apis/wit/workItems/793",
          "attributes": {
            "isLocked": "false",
            "name": "Parent"
          }
        },
        {
          "rel": "System.LinkTypes.Hierarchy-Forward",
          "url": "https://dev.azure.com/ricmart/_apis/wit/workItems/911",
          "attributes": {
            "isLocked": "false",
            "comment": "Making a new link for the dependency",
            "name": "Child"
          }
        },
        {
          "rel": "System.LinkTypes.Hierarchy-Forward",
          "url": "https://dev.azure.com/ricmart/_apis/wit/workItems/910",
          "attributes": {
            "isLocked": "false",
            "comment": "Making a new link for the dependency",
            "name": "Child"
          }
        },
        {
          "rel": "System.LinkTypes.Hierarchy-Forward",
          "url": "https://dev.azure.com/ricmart/_apis/wit/workItems/909",
          "attributes": {
            "isLocked": "false",
            "comment": "Making a new link for the dependency",
            "name": "Child"
          }
        }
      ],
      "url": "https://dev.azure.com/ricmart/_apis/wit/workItems/921"
    },
    {
      "id": 920,
      "rev": 1,
      "fields": {
        "System.AreaPath": "Azure Governance",
        "System.TeamProject": "Azure Governance",
        "System.IterationPath": "Azure Governance",
        "System.WorkItemType": "User Story",
        "System.State": "New",
        "System.Reason": "New",
        "System.CreatedDate": "2020-04-28T03:38:28.883Z",
        "System.CreatedBy": "Ricardo Martins <ricmart@microsoft.com>",
        "System.ChangedDate": "2020-04-28T03:38:28.883Z",
        "System.ChangedBy": "Ricardo Martins <ricmart@microsoft.com>",
        "System.Title": "Azure Fundamentals",
        "Microsoft.VSTS.Scheduling.Effort": 0.0,
        "System.Description": "Azure Fundamentals",
        "System.AssignedTo": null,
        "Microsoft.VSTS.Scheduling.RemainingWork": 0.0,
        "Microsoft.VSTS.Common.Priority": 2.0,
        "System.BoardLane": null,
        "System.Tags": null,
        "Microsoft.VSTS.TCM.Steps": null,
        "Microsoft.VSTS.TCM.Parameters": null,
        "Microsoft.VSTS.TCM.LocalDataSource": null,
        "Microsoft.VSTS.TCM.AutomationStatus": null,
        "System.History": null
      },
      "relations": [
        {
          "rel": "System.LinkTypes.Hierarchy-Forward",
          "url": "https://dev.azure.com/ricmart/_apis/wit/workItems/919",
          "attributes": {
            "isLocked": "false",
            "comment": "Making a new link for the dependency",
            "name": "Child"
          }
        },
        {
          "rel": "System.LinkTypes.Hierarchy-Forward",
          "url": "https://dev.azure.com/ricmart/_apis/wit/workItems/915",
          "attributes": {
            "isLocked": "false",
            "comment": "Making a new link for the dependency",
            "name": "Child"
          }
        },
        {
          "rel": "System.LinkTypes.Hierarchy-Forward",
          "url": "https://dev.azure.com/ricmart/_apis/wit/workItems/916",
          "attributes": {
            "isLocked": "false",
            "comment": "Making a new link for the dependency",
            "name": "Child"
          }
        },
        {
          "rel": "System.LinkTypes.Hierarchy-Reverse",
          "url": "https://dev.azure.com/ricmart/_apis/wit/workItems/793",
          "attributes": {
            "isLocked": "false",
            "comment": "Making a new link for the dependency",
            "name": "Parent"
          }
        },
        {
          "rel": "System.LinkTypes.Hierarchy-Forward",
          "url": "https://dev.azure.com/ricmart/_apis/wit/workItems/918",
          "attributes": {
            "isLocked": "false",
            "comment": "Making a new link for the dependency",
            "name": "Child"
          }
        },
        {
          "rel": "System.LinkTypes.Hierarchy-Forward",
          "url": "https://dev.azure.com/ricmart/_apis/wit/workItems/917",
          "attributes": {
            "isLocked": "false",
            "comment": "Making a new link for the dependency",
            "name": "Child"
          }
        }
      ],
      "url": "https://dev.azure.com/ricmart/_apis/wit/workItems/920"
    }
  ],
  "HttpStatusCode": 0,
  "Message": null
}